time_s,time_min,n_alive,n_running,n_tumbling,n_near_substrate,frac_near_substrate,mean_tumble_prob,std_tumble_prob,mean_receptor_activity,mean_methylation,mean_distance_um,median_distance_um,mean_concentration,mean_x_um,mean_y_um,mean_z_um,std_z_um,total_consumption_mol
0.0,0.0,500,489,11,4,0.008,0.35,0.0,0.35,0.35,946.05809067877,971.086765066393,0.0005897052020690484,947.8356872705508,1018.2249206210236,991.6624128435188,562.9969371906082,2.988694745354207e-16
10.0,0.16666666666666666,500,483,17,5,0.01,0.35,0.0,0.35,0.35,951.3204867535882,968.918795414176,0.00047923944072581854,946.6199004627449,1025.3410374097512,984.2529505965628,561.4954420347798,5.754549370223066e-14
20.0,0.3333333333333333,500,480,20,4,0.008,0.35,0.0,0.35,0.35,953.4617533365534,971.2136163039866,0.0004357321522930084,949.1757610805038,1027.3791195213562,985.699073154062,565.8378691037034,1.1432057804042668e-13
30.0,0.5,500,483,17,4,0.008,0.35,0.0,0.35,0.35,952.6925679402414,973.023194675121,0.0004072147013338462,950.0030481068519,1029.1298101088469,980.0458745084538,560.8977233913678,1.7116546385933383e-13
40.0,0.6666666666666666,500,482,18,1,0.002,0.35,0.0,0.35,0.35,955.6659619181154,979.4919643651059,0.00037681923916514095,951.9943311320467,1039.1169996567326,979.1620997129954,564.7865434393699,2.277654931080728e-13
50.0,0.8333333333333334,500,478,22,1,0.002,0.35,0.0,0.35,0.35,957.3122842284002,976.8800849478416,0.0003633323207078549,958.700269424656,1044.1794851368616,975.0788118452983,567.6783555987139,2.839856569757914e-13
60.0,1.0,500,480,20,2,0.004,0.35,0.0,0.35,0.35,956.0467010484683,969.9750322147972,0.0003517338762364332,955.6644511849582,1040.9377929105594,968.004109106948,563.0436021328267,3.399404679443253e-13
70.0,1.1666666666666667,500,486,14,2,0.004,0.35,0.0,0.35,0.35,957.5752308867804,978.8997685266208,0.00033573984152369843,955.9843775134032,1050.4642044238276,963.5931986002846,565.0331371822041,3.957869350122328e-13
80.0,1.3333333333333333,500,486,14,2,0.004,0.35,0.0,0.35,0.35,960.6858496975142,978.0030480469768,0.0003224615542919419,958.445512465497,1055.9023920322445,957.2585795668177,565.8455885517395,4.5139871440479514e-13
90.0,1.5,500,489,11,1,0.002,0.35,0.0,0.35,0.35,966.9014860368158,994.618558136102,0.00029640824507214526,960.9784637000051,1056.391043395406,945.7222536288995,570.0168841470795,5.068188889934007e-13
100.0,1.6666666666666667,500,481,19,2,0.004,0.35,0.0,0.35,0.35,966.5200088848735,975.8811549404278,0.00028591070112827155,970.2475928156123,1056.0858084630506,942.5197239370372,572.3729914803234,5.614223611794773e-13
110.0,1.8333333333333333,500,478,22,2,0.004,0.35,0.0,0.35,0.35,959.2880057628341,983.5602011324322,0.0002853765239131705,972.4532166051658,1051.7958835572088,938.2274693714598,572.8154965045668,6.16648108460106e-13
120.0,2.0,500,484,16,4,0.008,0.35,0.0,0.35,0.35,953.8394410839721,974.7700011903202,0.0002822522101674089,978.5891561089526,1049.0644287724815,940.0019756558958,573.3912309466353,6.724684543440235e-13
130.0,2.1666666666666665,500,478,22,7,0.014,0.35,0.0,0.35,0.35,954.4451814305878,973.3018572711459,0.0002800617879292632,983.313752947459,1044.4923667185667,944.2580234827512,577.7158046546043,7.277669024166003e-13
140.0,2.3333333333333335,500,483,17,7,0.014,0.35,0.0,0.35,0.35,949.7510806466107,969.0605111129688,0.000277143096858939,984.7040590368302,1045.6808840007548,949.7837238658884,574.0531413743639,7.825306967722765e-13
150.0,2.5,500,475,25,4,0.008,0.35,0.0,0.35,0.35,951.626574402793,973.1525699889229,0.00026840261448790115,988.0593617709097,1041.239231398925,953.2179404941884,572.4087723980979,8.370827989856039e-13
160.0,2.6666666666666665,500,481,19,7,0.014,0.35,0.0,0.35,0.35,954.0917396206398,988.6299051704373,0.0002515465609974336,985.5650967657565,1036.6976443420567,946.3950146294866,570.7067927755305,8.916193805323903e-13
170.0,2.8333333333333335,500,484,16,3,0.006,0.35,0.0,0.35,0.35,953.1678781749157,979.1760744726216,0.00024527233328034835,987.8386881119167,1038.7483852921387,939.1363223661889,563.859382490394,9.462539886053831e-13
180.0,3.0,500,479,21,4,0.008,0.35,0.0,0.35,0.35,956.1024281583244,972.5199969283302,0.00024234617595492739,988.9168182260191,1035.2918931891732,932.1835911223462,563.4105775197179,1.0006635132026791e-12
190.0,3.1666666666666665,500,484,16,1,0.002,0.35,0.0,0.35,0.35,965.9307898738303,994.1367091458254,0.00021990494557411127,982.7255919763467,1032.5073431444125,925.8803816923794,567.7638417451308,1.0546537829744802e-12
200.0,3.3333333333333335,500,484,16,4,0.008,0.35,0.0,0.35,0.35,967.7058427624853,989.2382377297486,0.000216771339322719,986.0255893905559,1035.5943468404485,929.3821722515135,571.767743531902,1.1077909006094417e-12
210.0,3.5,500,487,13,5,0.01,0.35,0.0,0.35,0.35,968.6027769563378,998.0835589565057,0.000218703829846673,989.3061035272578,1036.4918490267512,926.1673332579167,576.9750458614214,1.1607351288608717e-12
220.0,3.6666666666666665,500,486,14,6,0.012,0.35,0.0,0.35,0.35,975.9511080952598,1012.2679157192802,0.00021843353722784508,983.81549919835,1030.6863377654631,923.8752627846308,579.3232075807542,1.2136768624808914e-12
230.0,3.8333333333333335,500,476,24,2,0.004,0.35,0.0,0.35,0.35,976.3702654974285,1011.9044281316194,0.00019443639842101458,983.4364072515411,1022.3702209454808,929.7487900508879,579.4811486034597,1.2663957318780402e-12
240.0,4.0,500,484,16,2,0.004,0.35,0.0,0.35,0.35,970.5768039610975,1002.157710686831,0.00019748495636507683,984.235396358631,1027.5139015502816,934.6472369787725,574.4939164851158,1.3196589045694146e-12
250.0,4.166666666666667,500,484,16,2,0.004,0.35,0.0,0.35,0.35,962.0641160233847,988.742628399202,0.0002025436084924772,983.4263717011223,1030.6438469917962,930.6924873417621,568.8197445422672,1.3730264041839504e-12
260.0,4.333333333333333,500,487,13,5,0.01,0.35,0.0,0.35,0.35,953.9696128416498,972.5727170563501,0.00021372307016626925,990.7744574854657,1036.0471309219834,930.6940079995378,562.5423909437527,1.4266635527507493e-12
270.0,4.5,500,484,16,6,0.012,0.35,0.0,0.35,0.35,957.5273183231824,988.86351347267,0.0002017399652073285,997.3465716095044,1037.0640165041207,931.4266010820243,568.3100633726283,1.4802645482646831e-12
280.0,4.666666666666667,500,483,17,4,0.008,0.35,0.0,0.35,0.35,956.2576763089456,974.6373429007494,0.00019481164247292965,999.1495035371111,1032.9341535417905,935.2450156760465,568.6625601558052,1.5334601964472838e-12
290.0,4.833333333333333,500,478,22,4,0.008,0.35,0.0,0.35,0.35,955.1753535080077,977.1499774196006,0.0001944838138701716,1002.0248908876464,1034.0596285396582,942.043257666076,573.5809054696258,1.586882943053092e-12
300.0,5.0,500,493,7,1,0.002,0.35,0.0,0.35,0.35,960.2007665090035,979.6002653208714,0.00018235276508382796,1007.7856233484,1022.7513826887723,940.8624078240382,578.8469949063978,1.6395899806575673e-12
310.0,5.166666666666667,500,486,14,2,0.004,0.35,0.0,0.35,0.35,966.6613167988339,982.6007354007769,0.00017309865721882087,1004.4547497609987,1008.357417055806,938.0666784421379,581.9353051618564,1.6926362919407757e-12
320.0,5.333333333333333,500,485,15,1,0.002,0.35,0.0,0.35,0.35,970.3964670585309,987.217237142385,0.0001643053368155581,995.744114803842,1011.7692252261035,932.8091138759387,583.040716022686,1.7452305472037411e-12
330.0,5.5,500,486,14,2,0.004,0.35,0.0,0.35,0.35,968.7459651214471,979.8411356655814,0.00016625607614705607,994.0848236785356,1017.9340585267829,940.6369609937283,581.259336003611,1.7981455760141287e-12
340.0,5.666666666666667,500,485,15,3,0.006,0.35,0.0,0.35,0.35,973.9203207297918,980.9695202516203,0.0001713202659428855,994.0172873555591,1018.4804836606552,943.0050602815518,588.295931244048,1.8507639841592885e-12
350.0,5.833333333333333,500,481,19,3,0.006,0.35,0.0,0.35,0.35,974.243133649161,995.683979876834,0.00016926063388807012,993.2372725996702,1018.1913090316658,951.1027933623308,593.0949917700893,1.903168621790925e-12
360.0,6.0,500,482,18,7,0.014,0.35,0.0,0.35,0.35,975.7117885957578,984.2828148992587,0.00016767413341621133,1000.5066850168985,1015.6139378206799,955.0867802834157,596.4760245537356,1.9550477192680997e-12
370.0,6.166666666666667,500,479,21,5,0.01,0.35,0.0,0.35,0.35,975.5514228788122,994.6344372452785,0.00017320444078963422,1005.7140117319058,1024.2837231539977,955.9719932607735,597.1269170610245,2.0068983111889725e-12
380.0,6.333333333333333,500,487,13,5,0.01,0.35,0.0,0.35,0.35,971.3130321547495,990.5272199131724,0.00017021939687049425,1006.9127637800121,1018.0405473689115,948.8628896133371,591.2890326183774,2.0594364004451854e-12
390.0,6.5,500,480,20,3,0.006,0.35,0.0,0.35,0.35,972.5025393129256,1010.229543294315,0.0001611815304097677,1003.7714145002572,1020.2527714398874,949.8348224670441,592.6438091504357,2.1116039904367984e-12
400.0,6.666666666666667,500,481,19,4,0.008,0.35,0.0,0.35,0.35,972.3776244008029,995.7572711421386,0.0001634268768939842,1004.6366146606027,1022.9869425173632,952.8826621683024,594.4636037348906,2.163006164261501e-12
410.0,6.833333333333333,500,484,16,3,0.006,0.35,0.0,0.35,0.35,964.8824427818284,983.1192885285259,0.000181441733166129,1001.9615076088137,1026.6552222740477,957.1329372507936,594.7168629381808,2.214287152494436e-12
420.0,7.0,500,481,19,7,0.014,0.35,0.0,0.35,0.35,966.4987947664691,986.4796958935743,0.00016630762944422076,998.0401203566475,1026.3707696507581,958.9243350670973,595.1427796145321,2.2655132371568803e-12
430.0,7.166666666666667,500,483,17,4,0.008,0.35,0.0,0.35,0.35,968.9853538797147,987.3548242762364,0.00015759151512520763,996.0714352485835,1025.5924971876711,953.6547814023041,592.3475906642759,2.3164137934855645e-12
440.0,7.333333333333333,500,485,15,3,0.006,0.35,0.0,0.35,0.35,971.6868164535002,990.4398098847962,0.00014773959376620702,993.8441885947033,1029.228056132793,949.5945256877959,593.0123130694512,2.3677831508362296e-12
450.0,7.5,500,483,17,3,0.006,0.35,0.0,0.35,0.35,969.7111076665844,1000.0895016437441,0.0001474099021458201,995.1286545093604,1031.1469771420602,951.4630776059643,590.7856560626421,2.4196720588328833e-12
460.0,7.666666666666667,500,486,14,5,0.01,0.35,0.0,0.35,0.35,969.4992672078621,984.6276196886677,0.00015109873546192366,1000.4171156915756,1039.3387927979031,954.0572610491571,596.7425872771862,2.471414741802257e-12
470.0,7.833333333333333,500,479,21,5,0.01,0.35,0.0,0.35,0.35,966.8381947725462,1000.3953945031105,0.00015875253423844421,1005.2385623478524,1039.4762835943923,947.8276419081461,594.9703215581604,2.5228376943208122e-12
480.0,8.0,500,480,20,3,0.006,0.35,0.0,0.35,0.35,968.1892527719424,994.0667168110699,0.00016064778015424522,998.8850511448485,1036.4844801673273,947.7682324916506,594.379803388048,2.5741684487745255e-12
490.0,8.166666666666666,500,480,20,5,0.01,0.35,0.0,0.35,0.35,960.6411858282091,988.3284637918925,0.00015691496230118334,997.4305584022694,1034.7626466595723,948.529484069084,592.4596991988343,2.62594557481662e-12
500.0,8.333333333333334,500,486,14,4,0.008,0.35,0.0,0.35,0.35,964.307392659581,986.678401075067,0.0001528803249844238,993.7446321738664,1037.2309118251524,956.5852150606597,592.280718705784,2.6774912874816583e-12
510.0,8.5,500,483,17,1,0.002,0.35,0.0,0.35,0.35,966.7382791999812,966.0886085022773,0.00014418001732027213,990.6159637594733,1040.9763964184067,950.1106326071153,593.6826805526647,2.7287751306448118e-12
520.0,8.666666666666666,500,483,17,5,0.01,0.35,0.0,0.35,0.35,964.2567080978697,977.680539835414,0.00015269554865595007,995.1909499885815,1049.638233572111,949.3004621630446,588.8324525712884,2.7795375088359823e-12
530.0,8.833333333333334,500,484,16,5,0.01,0.35,0.0,0.35,0.35,955.3879218803827,970.4852731587,0.00015307168029901258,996.6190271246127,1048.5629593581623,946.535285194017,579.5858160254722,2.8310583863024425e-12
540.0,9.0,500,487,13,4,0.008,0.35,0.0,0.35,0.35,953.3804287113825,979.1790252502218,0.00015174846384268315,994.768582772507,1052.589773066667,950.226803532592,581.1694362921648,2.8824396048399834e-12
550.0,9.166666666666666,500,478,22,1,0.002,0.35,0.0,0.35,0.35,959.1936824855295,988.9939545906848,0.0001449230997096788,1001.239373092916,1047.4612832617001,959.0754551029921,587.4085391079959,2.9336639360248753e-12
560.0,9.333333333333334,500,488,12,2,0.004,0.35,0.0,0.35,0.35,955.4898381792314,977.9012331142491,0.00014574916864349484,1007.1111285789017,1040.662593152968,968.3079485335181,580.9618672426992,2.985283004682017e-12
570.0,9.5,500,472,28,1,0.002,0.35,0.0,0.35,0.35,948.0884994897963,964.8163506899003,0.00015094444045058643,1010.7766260832552,1035.0605974601478,964.6568480488047,573.3666703066234,3.0371720170142033e-12
580.0,9.666666666666666,500,492,8,4,0.008,0.35,0.0,0.35,0.35,941.4066831921068,974.8260079317918,0.00015815700104342072,1020.9489339865532,1031.166332936389,962.8571316505014,565.8369374450608,3.0893300686079693e-12
590.0,9.833333333333334,500,479,21,4,0.008,0.35,0.0,0.35,0.35,947.7548814494681,989.1710577578821,0.0001571185051434108,1017.7478403435672,1029.9367485376858,965.379435681555,573.4130771730697,3.1415062184861424e-12
600.0,10.0,500,482,18,5,0.01,0.35,0.0,0.35,0.35,949.960643997455,976.670185116469,0.00016890160999337924,1009.3436750081563,1027.6819350792875,959.6933553769802,575.0126373235555,3.1937852906159986e-12
610.0,10.166666666666666,500,484,16,5,0.01,0.35,0.0,0.35,0.35,954.8021029964091,977.7480008513546,0.00014936584490272804,1002.7485959509712,1025.2693254009073,945.874991041597,575.8118457415651,3.2456686098544113e-12
620.0,10.333333333333334,500,485,15,4,0.008,0.35,0.0,0.35,0.35,950.6555039641671,972.4098239104687,0.00015718756780296395,992.1684350058825,1024.1828205117029,944.824812489552,576.8161678980538,3.2977808467897926e-12
630.0,10.5,500,487,13,6,0.012,0.35,0.0,0.35,0.35,953.7617933607963,977.721822701959,0.00015143918960610353,986.251940731967,1022.673236318651,944.1821446260445,580.2712919906419,3.3498707121974633e-12
640.0,10.666666666666666,500,482,18,5,0.01,0.35,0.0,0.35,0.35,959.1393636995133,980.0045470748703,0.0001425684842772397,982.3320316398884,1023.84882451436,934.7005850244595,583.08172367404,3.400756565867988e-12
650.0,10.833333333333334,500,480,20,2,0.004,0.35,0.0,0.35,0.35,956.9060280944128,978.9416591940792,0.000140822807704215,981.468900445637,1030.1947295766747,934.6713780911493,584.7035783942478,3.451616733963674e-12
660.0,11.0,500,485,15,3,0.006,0.35,0.0,0.35,0.35,957.3738250370501,982.5399995690436,0.00014427857608194743,987.4564935804106,1025.8355534945651,936.5097086942633,582.9662947433039,3.5022290882187787e-12
670.0,11.166666666666666,500,479,21,4,0.008,0.35,0.0,0.35,0.35,966.2652927501406,996.7460590347583,0.00014354452596338255,994.5002121173025,1016.363582482687,932.4751103608213,590.8414734175791,3.552395123585645e-12
680.0,11.333333333333334,500,487,13,4,0.008,0.35,0.0,0.35,0.35,964.8403812414497,1003.7583094145486,0.00014320001460647107,983.2763197876418,1015.212982420171,936.090509431518,587.8973701342975,3.603142382924614e-12
690.0,11.5,500,486,14,6,0.012,0.35,0.0,0.35,0.35,965.4896381308544,995.4881257500945,0.00015776264323813294,986.4739515680276,1015.0310564161456,939.6221506883398,589.6460526298221,3.654390435509552e-12
700.0,11.666666666666666,500,484,16,5,0.01,0.35,0.0,0.35,0.35,972.0600298616348,996.513602228371,0.0001398624846641574,987.9404820208532,1013.0889703520562,941.3687158952639,592.2278698636677,3.705105141369287e-12
710.0,11.833333333333334,500,483,17,3,0.006,0.35,0.0,0.35,0.35,968.8877781205168,1013.0155094872919,0.0001364885400577325,982.136462676292,1014.197206801671,938.6898128506652,588.515980813962,3.756052514276857e-12
720.0,12.0,500,478,22,2,0.004,0.35,0.0,0.35,0.35,969.516047043789,1017.2259785004869,0.00014161577610035335,978.1183674214013,1014.229169013067,941.6094913987585,588.6543289097082,3.807418041773231e-12
730.0,12.166666666666666,500,481,19,3,0.006,0.35,0.0,0.35,0.35,963.4786055209202,1005.2113119851357,0.00013892624325535276,978.0037424444658,1020.6951449566071,942.4253049205955,580.8377160179288,3.8587143266918504e-12
740.0,12.333333333333334,500,487,13,5,0.01,0.35,0.0,0.35,0.35,957.013943834885,990.2449830511166,0.0001412032232086898,986.5733865875907,1022.8263855170743,952.7522042650664,578.8235613358116,3.909641315599222e-12
750.0,12.5,500,489,11,4,0.008,0.35,0.0,0.35,0.35,951.5877614421548,974.4938373000269,0.00014703619423056291,988.7058701849604,1024.1067070165775,954.1935895137799,570.8267799386143,3.960809505798085e-12
760.0,12.666666666666666,500,487,13,3,0.006,0.35,0.0,0.35,0.35,952.0799765028557,976.2250002704145,0.00013904084319871227,993.5349133966932,1021.5088459519997,954.6549491594387,568.1580675085773,4.012307382317159e-12
770.0,12.833333333333334,500,483,17,4,0.008,0.35,0.0,0.35,0.35,952.5834165872864,988.9065749873174,0.00013966627350210954,991.589830761953,1012.7130263584644,947.7892186180185,569.8704567152134,4.064336380939182e-12
780.0,13.0,500,488,12,4,0.008,0.35,0.0,0.35,0.35,950.3851532536733,985.1305422607312,0.00015164135005700375,990.247267956645,1020.7334686932381,943.2593776323113,573.0873314767392,4.115610460747291e-12
790.0,13.166666666666666,500,479,21,2,0.004,0.35,0.0,0.35,0.35,950.5352481689688,969.4717638705891,0.00014141785545689599,984.0434063730298,1026.8410312573715,936.3218004861251,576.3887614075185,4.167577004507283e-12
800.0,13.333333333333334,500,485,15,2,0.004,0.35,0.0,0.35,0.35,958.310771033758,993.8263569624986,0.00013832642153807645,979.1947136662928,1022.6425228091781,936.107260953646,583.1587369461913,4.2188544612735126e-12
810.0,13.5,500,482,18,2,0.004,0.35,0.0,0.35,0.35,950.2094057210367,978.3339332471559,0.00014800892906604636,983.5055558933548,1018.6330498076959,945.9572369372629,580.5423596702419,4.270539283828607e-12
820.0,13.666666666666666,500,482,18,7,0.014,0.35,0.0,0.35,0.35,957.2713002897026,979.8684832624184,0.00016090499659908471,985.1638002864064,1016.6581955399524,956.3913662861253,581.8531688348867,4.322025327743487e-12
830.0,13.833333333333334,500,481,19,6,0.012,0.35,0.0,0.35,0.35,961.6698574021965,1002.4547926088976,0.0001585179955089655,988.8015725803909,1013.7684623228282,952.7909779281335,588.3553165557787,4.372724209981023e-12
840.0,14.0,500,475,25,5,0.01,0.35,0.0,0.35,0.35,954.520066976287,983.6938716708803,0.00015400137320944462,997.5597120969819,1007.3554412957817,950.1351626528312,585.2105525640685,4.423525435104358e-12
850.0,14.166666666666666,500,492,8,3,0.006,0.35,0.0,0.35,0.35,954.5758280102585,975.7412523869807,0.00014455781331532063,998.6298560496398,1011.6248693800723,944.7511975946668,585.7122606561298,4.474536697418427e-12
860.0,14.333333333333334,500,482,18,2,0.004,0.35,0.0,0.35,0.35,956.2937900598957,991.1488922195648,0.0001324630493887659,996.7070666799074,1010.5270445522395,948.5947339094009,588.9192274407534,4.5255245083794245e-12
870.0,14.5,500,486,14,1,0.002,0.35,0.0,0.35,0.35,953.9672875588441,980.0215848100495,0.00012956066315635118,997.8926413130549,1004.4681919791688,953.5546546125667,585.7991611089336,4.577002691775568e-12
880.0,14.666666666666666,500,481,19,2,0.004,0.35,0.0,0.35,0.35,951.2147011005175,985.3181400021846,0.0001421852692959415,1000.0483990919378,1001.3657439905952,960.1932324504445,589.3336655909159,4.628934246964397e-12
890.0,14.833333333333334,500,479,21,3,0.006,0.35,0.0,0.35,0.35,953.5499721748937,972.8949385999846,0.00014275894882496447,1009.5067115583173,1005.2433074015025,959.7586284412785,590.0486517961366,4.681191793624841e-12
900.0,15.0,500,486,14,5,0.01,0.35,0.0,0.35,0.35,950.3054135253575,980.5348690297101,0.000149511719896866,1006.5548285077448,998.3577563769255,953.4441785693009,588.5394205470544,4.732973547747653e-12
910.0,15.166666666666666,500,489,11,8,0.016,0.35,0.0,0.35,0.35,946.251208066226,973.8090449891683,0.0001734104916050966,1008.6311563903408,993.6745614729176,950.4106136641806,587.9578540131928,4.784427239599839e-12
920.0,15.333333333333334,500,480,20,7,0.014,0.35,0.0,0.35,0.35,948.9307622654113,978.5825744410049,0.00016563701973116494,1007.8167928945204,985.3804263307072,949.2870087499155,589.4965597956125,4.836082012566343e-12
930.0,15.5,500,476,24,4,0.008,0.35,0.0,0.35,0.35,957.1308701025805,991.4074684602157,0.0001414975995238686,1006.2711888993161,987.3952053650662,941.6454196483436,587.2655120505606,4.887683778773553e-12
940.0,15.666666666666666,500,483,17,4,0.008,0.35,0.0,0.35,0.35,958.7874558334674,997.3540311943564,0.00014157367816609517,1006.9060441697075,987.0714611729618,938.7606119754287,585.7027488035546,4.938827424839966e-12
950.0,15.833333333333334,500,487,13,6,0.012,0.35,0.0,0.35,0.35,963.6233719986163,995.303297972162,0.00014542884953341992,1014.8951450467414,980.2301472849649,935.360547721686,587.2869479372201,4.989053325935126e-12
960.0,16.0,500,481,19,2,0.004,0.35,0.0,0.35,0.35,968.4243408212636,993.2526350230931,0.0001358875055371739,1015.2826508531498,980.7924310163099,940.5273329858302,594.3615369720926,5.0397664968150594e-12
970.0,16.166666666666668,500,487,13,4,0.008,0.35,0.0,0.35,0.35,966.8422789612155,984.7608565689493,0.00013877381104116667,1013.7124012851548,982.2292578830566,939.92454043071,590.8699976972784,5.090121246094451e-12
980.0,16.333333333333332,500,484,16,4,0.008,0.35,0.0,0.35,0.35,962.4046671279967,986.6578571973829,0.00013725274465724893,1016.9082716558017,989.1779345233668,939.1436709084056,586.8599349325447,5.141194281987975e-12
990.0,16.5,500,486,14,3,0.006,0.35,0.0,0.35,0.35,959.9237443271252,980.8599615923142,0.000139456175255005,1012.3854627490675,997.1917474749258,941.8537924147668,581.3857519443093,5.19240716055005e-12
1000.0,16.666666666666668,500,489,11,4,0.008,0.35,0.0,0.35,0.35,952.1688601468682,979.4411575606804,0.0001439031800367802,1010.8046739459968,1002.4842515956851,952.6538240271905,580.5663050341383,5.244188876942076e-12
1010.0,16.833333333333332,500,490,10,5,0.01,0.35,0.0,0.35,0.35,944.882512853217,972.2248636080443,0.00015349418849410222,1009.9742929061102,1005.097511707994,952.722219069492,577.0615471919167,5.29635115480618e-12
1020.0,17.0,500,483,17,7,0.014,0.35,0.0,0.35,0.35,952.0426887235442,993.6438952362898,0.00015767041345489348,1006.5948709612101,1005.9357577655659,952.2724880869621,582.7713760649208,5.348743845404183e-12
1030.0,17.166666666666668,500,485,15,6,0.012,0.35,0.0,0.35,0.35,954.235411391557,992.1654597230794,0.00015608480271574914,1004.029150407342,1008.879410450785,952.7944573721695,580.380718390749,5.400057814638852e-12
1040.0,17.333333333333332,500,489,11,3,0.006,0.35,0.0,0.35,0.35,953.7483344863749,980.0799053012242,0.0001552277451714325,1002.4396085283947,1006.9291426703668,951.996709352086,568.8813665856096,5.451828623042558e-12
1050.0,17.5,500,485,15,4,0.008,0.35,0.0,0.35,0.35,955.0954361929594,969.886371879625,0.00014476348569241037,1001.8927152803316,1004.0946318205845,943.6474790251394,572.9688300143697,5.50382296974393e-12
1060.0,17.666666666666668,500,487,13,5,0.01,0.35,0.0,0.35,0.35,950.3803992925206,963.345406901996,0.0001460636261176748,1002.1967237777864,1005.633876516762,946.2687637142659,570.9467325419328,5.555577794243617e-12
1070.0,17.833333333333332,500,482,18,2,0.004,0.35,0.0,0.35,0.35,955.9069248412882,970.706894943362,0.00013601570499981552,998.8096589575606,1004.7005926636964,949.2624115857584,570.9804242462668,5.606604489200299e-12
1080.0,18.0,500,492,8,3,0.006,0.35,0.0,0.35,0.35,953.0459290557332,979.4491238296422,0.00013709233820209725,1003.6985639879261,1009.7254413084589,951.5750439143007,566.7659107738465,5.6573086617842584e-12
1090.0,18.166666666666668,500,484,16,4,0.008,0.35,0.0,0.35,0.35,954.723196506712,971.6988235051429,0.0001352247952426206,1007.212672516012,1005.3304666864972,955.4281681348207,562.4765977169216,5.708641980005528e-12
1100.0,18.333333333333332,500,480,20,2,0.004,0.35,0.0,0.35,0.35,962.6573399048646,991.584754454503,0.00013035248078737888,1005.6665756941188,998.5550905231393,954.5188305126493,566.3368833362008,5.760764230454572e-12
1110.0,18.5,500,484,16,3,0.006,0.35,0.0,0.35,0.35,964.1782993958275,991.3532947270301,0.00013308046405133647,1007.9900728494227,994.0882135808422,954.4133747119506,566.3493181206782,5.811367126616408e-12
1120.0,18.666666666666668,500,490,10,2,0.004,0.35,0.0,0.35,0.35,970.7694482618833,994.2267579830595,0.00013380659701703242,1003.2154609618939,990.8256127601597,954.1730667810879,563.1550890661009,5.861989158144911e-12
1130.0,18.833333333333332,500,479,21,1,0.002,0.35,0.0,0.35,0.35,974.9593481426182,997.7689221749908,0.00012256384897948072,997.6366397715987,985.3349153617519,955.1052184042309,566.233143874701,5.912038324492422e-12
1140.0,19.0,500,485,15,5,0.01,0.35,0.0,0.35,0.35,973.6304873196451,987.2553932150263,0.00012799753968480311,1003.663564390243,980.3654144495146,956.1468556044049,570.1745364923719,5.9621715308919295e-12
1150.0,19.166666666666668,500,479,21,6,0.012,0.35,0.0,0.35,0.35,971.1042186150167,998.6970840501662,0.00013666324526907607,1001.5301261368074,986.8065158675514,952.7081077981838,573.6652371545455,6.0126580625941924e-12
1160.0,19.333333333333332,500,487,13,5,0.01,0.35,0.0,0.35,0.35,974.6941256158719,1003.8704800824155,0.00014381088518321397,1005.6993114027919,985.6745988430303,952.6453736924212,575.2866633354776,6.063190979354771e-12
1170.0,19.5,500,486,14,8,0.016,0.35,0.0,0.35,0.35,975.78988832119,1006.5751575886097,0.00013596608711320947,1016.199379070406,985.9800463222826,946.5432990575131,576.2476512474677,6.113175351697991e-12
1180.0,19.666666666666668,500,480,20,7,0.014,0.35,0.0,0.35,0.35,971.5588492758638,1005.9787670498781,0.00013213357812922637,1021.0189691359219,982.3561075719051,940.996292788692,565.9628395133113,6.163545086762269e-12
1190.0,19.833333333333332,500,487,13,3,0.006,0.35,0.0,0.35,0.35,974.7010214283551,1007.2846448153455,0.00012729441232850865,1015.2832811710605,982.3016458609176,935.768807291517,569.7590526303493,6.214499434941286e-12
1200.0,20.0,500,477,23,4,0.008,0.35,0.0,0.35,0.35,973.3656534936928,1009.0381918971825,0.00013060439473963563,1009.5488056989276,988.114123674859,937.3165659651753,571.6844441131716,6.265079791199808e-12
1210.0,20.166666666666668,500,492,8,2,0.004,0.35,0.0,0.35,0.35,972.4006603851105,994.1653876517826,0.00012983573165539018,1000.1091416504179,988.1992654194981,939.6496609468109,570.3621468997175,6.3151657968394536e-12
1220.0,20.333333333333332,500,487,13,7,0.014,0.35,0.0,0.35,0.35,966.9002169461068,991.7400190516684,0.00013810715682088963,1000.4426852605612,986.4840945879558,938.6224939933412,569.0469680792198,6.365865510697871e-12
1230.0,20.5,500,486,14,5,0.01,0.35,0.0,0.35,0.35,971.9826209067052,995.9384091261262,0.00014293614488254758,1000.7118704005042,993.1835572846745,941.3710215275242,571.8906756831651,6.416564842638686e-12
1240.0,20.666666666666668,500,480,20,5,0.01,0.35,0.0,0.35,0.35,970.9219893605311,1003.2881111468246,0.00014155665731135529,1002.4087950410824,992.4334617535357,942.271990387157,569.9001106382497,6.466424228047211e-12
1250.0,20.833333333333332,500,481,19,5,0.01,0.35,0.0,0.35,0.35,966.637344652081,997.7461724232925,0.00013646628334079518,1003.0259279838754,992.4949091327253,938.8432728563847,569.2366212414684,6.516553280094456e-12
1260.0,21.0,500,486,14,6,0.012,0.35,0.0,0.35,0.35,969.8054459829054,999.794735598177,0.00013541629973896685,1001.8171607089167,996.8364874450162,940.938065137052,567.7291187701078,6.5673070634464325e-12
1270.0,21.166666666666668,500,480,20,7,0.014,0.35,0.0,0.35,0.35,974.6820569509362,1011.0380127511171,0.00012953690294802416,1006.1990742986231,995.2751599173063,948.1407840859482,571.2697304971271,6.617693173846305e-12
1280.0,21.333333333333332,500,484,16,3,0.006,0.35,0.0,0.35,0.35,968.0194458950575,983.0703722964839,0.00012482139105226916,1002.7550759700605,997.4311551556139,940.3505211279386,563.9248043995127,6.667838513425515e-12
1290.0,21.5,500,488,12,2,0.004,0.35,0.0,0.35,0.35,962.0411600225269,975.7316928569293,0.00013288254342824776,999.0595640160473,995.1578493146764,933.8247597828872,560.2612132137374,6.718908849724598e-12
1300.0,21.666666666666668,500,487,13,3,0.006,0.35,0.0,0.35,0.35,960.3075151916934,990.974315687019,0.00013391894968362722,993.4347194409532,996.2905386154442,934.2642344847146,554.3188193555453,6.7693896244889125e-12
1310.0,21.833333333333332,500,486,14,2,0.004,0.35,0.0,0.35,0.35,958.4591423669258,975.8850527112298,0.00013180557724635925,994.034451028222,991.3911928221147,935.8423526517128,560.3578694023239,6.820021956320734e-12
1320.0,22.0,500,484,16,2,0.004,0.35,0.0,0.35,0.35,959.1478728333152,976.7593421721435,0.00013508111275876172,996.0894780032211,990.7867799810268,931.0623011844872,566.4053076483168,6.87159542512715e-12
1330.0,22.166666666666668,500,481,19,2,0.004,0.35,0.0,0.35,0.35,961.6364292307435,981.6280109970921,0.00012699446595199987,992.2246236688087,992.5589522203767,923.2478994570373,565.1597056837165,6.922514875595062e-12
1340.0,22.333333333333332,500,485,15,3,0.006,0.35,0.0,0.35,0.35,964.295650722164,991.5183500323357,0.0001308866902151386,988.5854453176787,989.1386254041365,912.445839283193,566.9083180401655,6.973974022379553e-12
1350.0,22.5,500,485,15,5,0.01,0.35,0.0,0.35,0.35,966.3466643134942,996.1921787964799,0.00013573519097885396,989.1618796021356,988.4471759650573,905.9088459611555,565.4882061764764,7.024978141201717e-12
1360.0,22.666666666666668,500,487,13,5,0.01,0.35,0.0,0.35,0.35,969.4206178667457,999.3617315139935,0.0001346663936992062,991.7383846285376,989.488167289995,905.4606885047356,564.9203366764302,7.075829282328736e-12
1370.0,22.833333333333332,500,480,20,2,0.004,0.35,0.0,0.35,0.35,966.8593543616672,997.8091027111626,0.00013221790125299195,996.0570530998929,994.9383329394842,911.5210115132224,571.3964418695239,7.125982033922088e-12
1380.0,23.0,500,483,17,2,0.004,0.35,0.0,0.35,0.35,958.7247574963416,985.8310516498506,0.000128315394279232,1000.6825557334075,1005.8838721637736,912.7693800402111,565.7582308943031,7.17687894413603e-12
1390.0,23.166666666666668,500,486,14,5,0.01,0.35,0.0,0.35,0.35,956.2818081562727,977.5954853389578,0.00013777758517939486,1002.6871054235078,1001.1845745523362,909.2078987797411,556.1772041738761,7.228504511517414e-12
1400.0,23.333333333333332,500,485,15,4,0.008,0.35,0.0,0.35,0.35,955.8720823642086,972.8215886759467,0.00014196511131850238,1004.4169687252349,1003.484028367778,907.7627222908628,549.0001579255684,7.279855759244036e-12
1410.0,23.5,500,488,12,6,0.012,0.35,0.0,0.35,0.35,958.5845565593356,980.4638416713977,0.00014776140557897562,1009.627063903935,1005.8321136036648,914.4806166736215,554.3395317472688,7.330929219608604e-12
1420.0,23.666666666666668,500,484,16,2,0.004,0.35,0.0,0.35,0.35,961.3866365327875,996.1931780497293,0.00013531231034845216,1007.0788567555588,1008.1468932162552,912.7720837749691,555.3948176269737,7.381715270210145e-12
1430.0,23.833333333333332,500,483,17,2,0.004,0.35,0.0,0.35,0.35,960.2401017838189,994.785460594436,0.00013097803869842233,1005.9028656306923,1007.026622050156,907.7420036857644,551.23205568592,7.432532823443037e-12
1440.0,24.0,500,489,11,8,0.016,0.35,0.0,0.35,0.35,962.8313379470387,989.1096124547728,0.00014022841671981268,1001.8496237939515,998.076793238178,911.1562217184133,556.5307272065132,7.483516103601423e-12
1450.0,24.166666666666668,500,485,15,7,0.014,0.35,0.0,0.35,0.35,963.312665850968,989.3835512645422,0.00016382289402006812,1000.2821217131221,990.3176054192684,916.1255646015562,560.755755018763,7.534288803630411e-12
1460.0,24.333333333333332,500,486,14,9,0.018,0.35,0.0,0.35,0.35,958.8813466647681,982.7723833554021,0.00014626151768782388,1003.352484902495,991.7674927870625,917.1942760362734,555.5438681146071,7.584696337609884e-12
1470.0,24.5,500,489,11,4,0.008,0.35,0.0,0.35,0.35,961.5625228790165,993.3255864963404,0.00016192630618501396,1002.8774378553557,988.3041580430114,914.9784411350903,558.8667404164282,7.635376815486051e-12
1480.0,24.666666666666668,500,482,18,2,0.004,0.35,0.0,0.35,0.35,970.4427684672539,995.274528213587,0.00013213743364964392,1002.9552845484926,985.7790814714615,917.0267646136197,563.0816574408773,7.686325246568186e-12
1490.0,24.833333333333332,500,484,16,2,0.004,0.35,0.0,0.35,0.35,978.3080589284932,1007.2256247973105,0.00012100049054207778,1001.8423198559802,983.1512231836756,924.3900536654525,567.4735515386576,7.73642694510076e-12
1500.0,25.0,500,484,16,3,0.006,0.35,0.0,0.35,0.35,978.2376809791903,997.5377438567419,0.00012242878437298152,1004.6062805193652,980.1082181659416,930.7978319788733,573.2479652250428,7.786816211044316e-12
1510.0,25.166666666666668,500,484,16,2,0.004,0.35,0.0,0.35,0.35,979.6838192325736,991.0704252644662,0.00011695535099397258,1008.3357815060467,969.0897182663089,941.2450789224466,571.3556080010844,7.837301709366053e-12
1520.0,25.333333333333332,500,479,21,2,0.004,0.35,0.0,0.35,0.35,983.6713793302898,980.9300467139714,0.00011310735864117027,1010.5897407510374,970.0476273497628,944.7057856095472,568.0765118354973,7.887173299256263e-12
1530.0,25.5,500,480,20,7,0.014,0.35,0.0,0.35,0.35,978.9583072672468,997.5265232560813,0.0001234965606857898,1010.4868537358099,975.7319314392221,950.818114130392,567.1300909480269,7.937688467608627e-12
1540.0,25.666666666666668,500,479,21,2,0.004,0.35,0.0,0.35,0.35,967.4075325684555,995.837024005132,0.00012694778824596674,1008.0578894749029,985.0504717343072,959.5076501894289,562.7635850721307,7.988728309779007e-12
1550.0,25.833333333333332,500,479,21,5,0.01,0.35,0.0,0.35,0.35,968.487305387627,996.1492378116467,0.0001317888982517882,1009.3216377218615,990.0405580148372,952.7383602677173,567.1568246355895,8.040126004554098e-12
1560.0,26.0,500,482,18,5,0.01,0.35,0.0,0.35,0.35,966.8718752557438,995.4798307327802,0.00014499346170416088,1006.0641429979459,984.7334803705454,947.2589511145228,565.3840557131044,8.091159048087046e-12
1570.0,26.166666666666668,500,489,11,6,0.012,0.35,0.0,0.35,0.35,965.5732944837887,996.9875259910967,0.0001360875520219222,994.919221494858,981.9230631257896,940.4295228595264,561.9357449852956,8.141687688861836e-12
1580.0,26.333333333333332,500,485,15,1,0.002,0.35,0.0,0.35,0.35,968.4802914372286,985.4995980935443,0.00013145894469804292,993.9680373878211,991.8897233216902,944.7647159903288,566.3702335907666,8.192431428805795e-12
1590.0,26.5,500,482,18,4,0.008,0.35,0.0,0.35,0.35,964.28047705531,992.139356286677,0.00013541018823161796,999.3349984607001,994.1544190541159,945.2133145288609,566.7619978052991,8.242683838750843e-12
1600.0,26.666666666666668,500,478,22,2,0.004,0.35,0.0,0.35,0.35,959.1688690987977,985.5113919731572,0.00015126291247536772,1001.3958539590133,993.1768612996354,947.0374879691714,562.0802754134922,8.293702177803138e-12
1610.0,26.833333333333332,500,485,15,4,0.008,0.35,0.0,0.35,0.35,961.842760659192,996.4765889520089,0.00013860364123107285,1003.6848408559576,992.077933411031,944.0753141458254,565.8692504866058,8.344431834635718e-12
1620.0,27.0,500,479,21,5,0.01,0.35,0.0,0.35,0.35,961.9083505302935,987.4987733270672,0.0001371982469693352,1000.0504925886569,989.3667657444682,948.8077076924998,565.572921015691,8.395375110289355e-12
1630.0,27.166666666666668,500,485,15,6,0.012,0.35,0.0,0.35,0.35,962.4736193513876,988.0701058931141,0.00014467477668441442,1002.4906373228312,989.6951721987421,951.971586114879,572.4900731534601,8.447283725039563e-12
1640.0,27.333333333333332,500,473,27,3,0.006,0.35,0.0,0.35,0.35,964.0593080000859,988.328818584507,0.0001372599157244,998.4366852718988,990.1616824987475,954.9927374128168,572.4975884160932,8.498479381487482e-12
1650.0,27.5,500,487,13,5,0.01,0.35,0.0,0.35,0.35,969.996299120424,984.5502972648599,0.0001483101069023394,997.1646106320856,987.2022970617103,956.4552339892184,581.7551538504846,8.549581933842744e-12
1660.0,27.666666666666668,500,477,23,3,0.006,0.35,0.0,0.35,0.35,975.2467832235351,992.0229202954687,0.00013118600770152208,1001.6366698172243,988.1538307931938,958.2960304581333,586.1769535127686,8.599906671039474e-12
1670.0,27.833333333333332,500,482,18,3,0.006,0.35,0.0,0.35,0.35,968.250116232352,999.0919727626377,0.0001315776449557795,1004.6634228238905,994.3868689306105,963.2825996639585,581.5253385019183,8.650086902545399e-12
1680.0,28.0,500,480,20,5,0.01,0.35,0.0,0.35,0.35,960.4982320404073,977.3642142022119,0.0001411654253751526,1011.5496744754187,999.962464627392,964.4194858087014,576.6675423746643,8.70056543797356e-12
1690.0,28.166666666666668,500,482,18,5,0.01,0.35,0.0,0.35,0.35,952.7840209226712,978.5311179398442,0.00014930479342035476,1013.4769560270001,1002.4073249657528,965.4287320118593,570.4806439623954,8.750938413090698e-12
1700.0,28.333333333333332,500,487,13,5,0.01,0.35,0.0,0.35,0.35,956.6792709593715,989.4183484345938,0.00014211947268379476,1011.1039473881432,1009.7551039701434,967.4460327460174,566.9129637550719,8.80124577698686e-12
1710.0,28.5,500,478,22,7,0.014,0.35,0.0,0.35,0.35,956.5578368086376,982.2059685786263,0.00014696716202435207,1013.0908968278588,1012.7106687095664,969.595933977145,568.8109965666459,8.852652380431076e-12
1720.0,28.666666666666668,500,483,17,4,0.008,0.35,0.0,0.35,0.35,957.9880667702088,984.0985109169395,0.00014275639697923896,1012.2454186748198,1015.599631672565,974.8658046829539,569.4178850965113,8.903980829032776e-12
1730.0,28.833333333333332,500,482,18,3,0.006,0.35,0.0,0.35,0.35,958.2552628892514,985.3034939324352,0.00013635393898676792,1013.6085898050284,1020.6746366464713,973.3355068958865,574.6894045327458,8.955484236282292e-12
1740.0,29.0,500,483,17,6,0.012,0.35,0.0,0.35,0.35,954.5164133566548,980.307868067714,0.00014575262245795518,1018.3190969515543,1018.2641112335818,973.7488102299963,571.2163948802636,9.00669597235101e-12
1750.0,29.166666666666668,500,485,15,2,0.004,0.35,0.0,0.35,0.35,951.7114316162757,968.8532243020552,0.00014782590948653394,1023.4343190958454,1015.7655129076217,978.4541381427478,570.7360462993335,9.058165238327675e-12
1760.0,29.333333333333332,500,476,24,3,0.006,0.35,0.0,0.35,0.35,954.5186351136132,973.0637660124667,0.00013988099149984278,1026.8743097593208,1007.9105262701389,976.4835066370714,566.1522101290533,9.10976612949971e-12
1770.0,29.5,500,486,14,5,0.01,0.35,0.0,0.35,0.35,958.3218793164174,980.3314007069881,0.00014136252406965672,1032.5768005700206,1007.0059596865976,973.1385061253931,568.6428014740164,9.16147797809475e-12
1780.0,29.666666666666668,500,481,19,2,0.004,0.35,0.0,0.35,0.35,961.8750443295529,975.4415959611399,0.00013885008537864717,1036.9609632719164,1007.9781371303111,971.3928614111506,577.7344449406203,9.212362930298833e-12
1790.0,29.833333333333332,500,483,17,2,0.004,0.35,0.0,0.35,0.35,964.4984276136295,978.9394073977435,0.00013112808041858582,1038.0819683721,1013.2700142446512,962.2292516001115,584.0230070603222,9.263491496190896e-12
